Mutations,US,US Hispanics,Argentina,Brazil,Chile,Colombia,Costa Rica,Cuba,Ecuador,Mexico,Puerto Rico,Uruguay,Venezuela,US SE,US Hispanics SE,Argentina SE,Brazil SE,Chile SE,Colombia SE,Costa Rica SE,Cuba SE,Ecuador SE,Mexico SE,Puerto Rico SE,Uruguay SE,Venezuela SE,Regions
G542X,2.51,4.48,4.5,6.38,2.91,4.1,25,6.8,2.25,6.61,3.03,6.47,2.53,0.045055521,0.692820323,1.153256259,0.665582452,2.104756518,0.927900857,0.387298335,0.823407554,1.322875656,8.837420438,2.039607805,2.592296279,0.93059121,US
G551D,2.17,0.31,0.08,0.11,0.79,,,,1.6,0.28,,,,0.041952354,0.440454311,0.244744765,0.12083046,0,1.590597372,0.052820451,0.78930349,0,0,0,0,0,US Hispanics
N1303K,1.49,1.6,2.31,1.4,,0.71,,,2.28,2.13,1.96,2.78,0.93,0.034928498,0.570087713,0.669328021,0.482700735,1.702938637,0.932737905,0.180554701,0,0.556776436,0,0,1.734935157,0.654217089,Argentina
R117H,1.4,0.31,,0.03,,,,,,0.28,,,,0.03391165,0.440454311,0.244744765,0,0,0,0.031096624,0,0,0,0,0,0,Brazil
W1282X,1.2,,2.2,0.56,0.28,1.28,,,,0.43,,,0.48,0.03144837,0,0.431277173,0.47116876,0,0,0.114455231,0.259422435,0.752329715,0,0,0,0.673795221,Chile
R553X,0.94,0.56,0.39,0.43,1.37,,,2.2,,0.28,1.73,1.31,0.48,0.027331301,0.364691651,0.244744765,0.198997487,1.60623784,0,0.099949987,0.547722558,0,0,1.191637529,1.841195264,0.673795221,Colombia
621+1G>T,0.91,0.31,0.41,0.1,,,,,0.6,0.36,1.51,,0.45,0.027784888,0.440454311,0.511859356,0.218403297,0,0.650384502,0.050299105,0,0,0,0,0,0.637965516,Costa Rica
1717-1G>A,0.86,0.42,0.63,0.31,,,,,,,,1.31,,0.026608269,0.319374389,0,0.258843582,0,0,0.08660254,0,0,0,0,1.841195264,0,Cuba
3849+10kbC>T,0.85,1.78,0.55,0.22,1.66,,,,,0.94,,,,0.026438608,0.519615242,0.448330235,0.26795522,0,0,0.073891813,0.626897121,0,0,0,0,0,Ecuador
2789+5G>A,0.74,0.63,0.53,0.13,,0.48,,,,,,1.31,,0.024758837,0.626897121,0,0.248997992,0,0,0.057619441,0,0.485798312,0,0,1.841195264,0,Mexico
R1162X,0.45,0.7,0.62,1.71,0.97,0.99,,2,,0.21,,3.27,1.43,0.019287302,0.32249031,0.301993377,0.252190404,0,0,0.198746069,0.481663783,0.700713922,0,1.13137085,1.876166304,1.161895004,Puerto Rico
I507del,0.45,0.63,0.29,0.13,,,,,,1.76,6.09,1.31,,0.019287302,0.259229628,0.609918027,0.195448203,2.939387691,0,0.056833089,0,0,0,0,1.841195264,0,Uruguay
G85E,0.41,0.72,0.95,1.26,0.5,,,,5.74,0.42,,3.27,0.45,0.018493242,0.618869938,0.3,0.331662479,0,1.435270009,0.174355958,0.414728827,0,0,0,1.876166304,0.637965516,Venezuela
3120+1G>A,0.4,0.99,0.09,1.4,0.2,0.48,,1.3,,0.43,2.53,,3.18,0.018275667,0.328633535,0.431277173,0.119582607,3.435112807,0,0.184390889,0.263058929,0.485798312,0,0.915969432,0,1.670329309,
3659delC,0.38,0.31,0.35,0.05,,,,,,,,,,0.017146428,0.440454311,0,0.212602916,0,0,0.040249224,0,0,0,0,0,0,
R347P,0.36,2,0.6,0.09,,,,,,0.21,,,,0.017720045,2.749545417,0.301993377,0.847938677,0,0,0.046151923,0,0,0,0,0,0,
A455E,0.34,,,0.03,0.2,,,,,0.87,,,,0.0168523,0,0.612372436,0,0,0,0.031096624,0.263058929,0,0,0,0,0,
1898+1G>A,0.31,,0.18,0.03,,,,,,,,,,0.016062378,0,0,0.167630546,0,0,0.028618176,0,0,0,0,0,0,
R334W,0.31,1.56,1.08,1.64,2.09,0.48,,5.2,0.65,1.52,12.9,2.15,1.39,0.015937377,0.587367006,0.80684571,0.353553391,4.062019202,0.56302753,0.194679223,0.701427117,0.485798312,0,1.788854382,1.529705854,0.798122798,
R560T,0.25,,,,,,,,,,,,,0.016703293,0,0,0,0,0,0,0,0,0,0,0,0,
711+1G>T,0.2,0.63,0.08,0.13,0.2,,,,,0.43,,,0.45,0.015,0.626897121,0.431277173,0.12083046,0,0,0.05709641,0.263058929,0,0,0,0,0.637965516,
2184delA,0.18,,0.1,0.52,,,,,,,,,,0.01421267,0,0,0.117046999,0,0,0.128840987,0,0,0,0,0,0,