Mutations,Regions,Frequency,SE,Total
G542X,US,2.51,0.045055521,86.21
G542X,US Hispanics,4.48,0.692820323,55.54
G542X,Argentina,4.5,1.153256259,74.54
G542X,Brazil,6.38,0.665582452,62.06
G542X,Chile,2.91,2.104756518,44.37
G542X,Colombia,4.1,0.927900857,48.92
G542X,Costa Rica,25,0.387298335,47.92
G542X,Cuba,6.8,0.823407554,54.4
G542X,Ecuador,2.25,1.322875656,41.22
G542X,Mexico,6.61,8.837420438,60.16
G542X,Puerto Rico,3.03,2.039607805,61.25
G542X,Uruguay,6.47,2.592296279,70.28
G542X,Venezuela,2.53,0.93059121,41.57
G551D,US,2.17,0.041952354,86.21
G551D,US Hispanics,0.31,0.440454311,55.54
G551D,Argentina,0.08,0.244744765,74.54
G551D,Brazil,0.11,0.12083046,62.06
G551D,Chile,0.79,0,44.37
G551D,Colombia,0,1.590597372,48.92
G551D,Costa Rica,0,0.052820451,47.92
G551D,Cuba,0,0.78930349,54.4
G551D,Ecuador,1.6,0,41.22
G551D,Mexico,0.28,0,60.16
G551D,Puerto Rico,0,0,61.25
G551D,Uruguay,0,0,70.28
G551D,Venezuela,0,0,41.57
N1303K,US,1.49,0.034928498,86.21
N1303K,US Hispanics,1.6,0.570087713,55.54
N1303K,Argentina,2.31,0.669328021,74.54
N1303K,Brazil,1.4,0.482700735,62.06
N1303K,Chile,0,1.702938637,44.37
N1303K,Colombia,0.71,0.932737905,48.92
N1303K,Costa Rica,0,0.180554701,47.92
N1303K,Cuba,0,0,54.4
N1303K,Ecuador,2.28,0.556776436,41.22
N1303K,Mexico,2.13,0,60.16
N1303K,Puerto Rico,1.96,0,61.25
N1303K,Uruguay,2.78,1.734935157,70.28
N1303K,Venezuela,0.93,0.654217089,41.57
R117H,US,1.4,0.03391165,86.21
R117H,US Hispanics,0.31,0.440454311,55.54
R117H,Argentina,0,0.244744765,74.54
R117H,Brazil,0.03,0,62.06
R117H,Chile,0,0,44.37
R117H,Colombia,0,0,48.92
R117H,Costa Rica,0,0.031096624,47.92
R117H,Cuba,0,0,54.4
R117H,Ecuador,0,0,41.22
R117H,Mexico,0.28,0,60.16
R117H,Puerto Rico,0,0,61.25
R117H,Uruguay,0,0,70.28
R117H,Venezuela,0,0,41.57
W1282X,US,1.2,0.03144837,86.21
W1282X,US Hispanics,0,0,55.54
W1282X,Argentina,2.2,0.431277173,74.54
W1282X,Brazil,0.56,0.47116876,62.06
W1282X,Chile,0.28,0,44.37
W1282X,Colombia,1.28,0,48.92
W1282X,Costa Rica,0,0.114455231,47.92
W1282X,Cuba,0,0.259422435,54.4
W1282X,Ecuador,0,0.752329715,41.22
W1282X,Mexico,0.43,0,60.16
W1282X,Puerto Rico,0,0,61.25
W1282X,Uruguay,0,0,70.28
W1282X,Venezuela,0.48,0.673795221,41.57
R553X,US,0.94,0.027331301,86.21
R553X,US Hispanics,0.56,0.364691651,55.54
R553X,Argentina,0.39,0.244744765,74.54
R553X,Brazil,0.43,0.198997487,62.06
R553X,Chile,1.37,1.60623784,44.37
R553X,Colombia,0,0,48.92
R553X,Costa Rica,0,0.099949987,47.92
R553X,Cuba,2.2,0.547722558,54.4
R553X,Ecuador,0,0,41.22
R553X,Mexico,0.28,0,60.16
R553X,Puerto Rico,1.73,1.191637529,61.25
R553X,Uruguay,1.31,1.841195264,70.28
R553X,Venezuela,0.48,0.673795221,41.57
621+1G>T,US,0.91,0.027784888,86.21
621+1G>T,US Hispanics,0.31,0.440454311,55.54
621+1G>T,Argentina,0.41,0.511859356,74.54
621+1G>T,Brazil,0.1,0.218403297,62.06
621+1G>T,Chile,0,0,44.37
621+1G>T,Colombia,0,0.650384502,48.92
621+1G>T,Costa Rica,0,0.050299105,47.92
621+1G>T,Cuba,0,0,54.4
621+1G>T,Ecuador,0.6,0,41.22
621+1G>T,Mexico,0.36,0,60.16
621+1G>T,Puerto Rico,1.51,0,61.25
621+1G>T,Uruguay,0,0,70.28
621+1G>T,Venezuela,0.45,0.637965516,41.57
1717-1G>A,US,0.86,0.026608269,86.21
1717-1G>A,US Hispanics,0.42,0.319374389,55.54
1717-1G>A,Argentina,0.63,0,74.54
1717-1G>A,Brazil,0.31,0.258843582,62.06
1717-1G>A,Chile,0,0,44.37
1717-1G>A,Colombia,0,0,48.92
1717-1G>A,Costa Rica,0,0.08660254,47.92
1717-1G>A,Cuba,0,0,54.4
1717-1G>A,Ecuador,0,0,41.22
1717-1G>A,Mexico,0,0,60.16
1717-1G>A,Puerto Rico,0,0,61.25
1717-1G>A,Uruguay,1.31,1.841195264,70.28
1717-1G>A,Venezuela,0,0,41.57
3849+10kbC>T,US,0.85,0.026438608,86.21
3849+10kbC>T,US Hispanics,1.78,0.519615242,55.54
3849+10kbC>T,Argentina,0.55,0.448330235,74.54
3849+10kbC>T,Brazil,0.22,0.26795522,62.06
3849+10kbC>T,Chile,1.66,0,44.37
3849+10kbC>T,Colombia,0,0,48.92
3849+10kbC>T,Costa Rica,0,0.073891813,47.92
3849+10kbC>T,Cuba,0,0.626897121,54.4
3849+10kbC>T,Ecuador,0,0,41.22
3849+10kbC>T,Mexico,0.94,0,60.16
3849+10kbC>T,Puerto Rico,0,0,61.25
3849+10kbC>T,Uruguay,0,0,70.28
3849+10kbC>T,Venezuela,0,0,41.57
2789+5G>A,US,0.74,0.024758837,86.21
2789+5G>A,US Hispanics,0.63,0.626897121,55.54
2789+5G>A,Argentina,0.53,0,74.54
2789+5G>A,Brazil,0.13,0.248997992,62.06
2789+5G>A,Chile,0,0,44.37
2789+5G>A,Colombia,0.48,0,48.92
2789+5G>A,Costa Rica,0,0.057619441,47.92
2789+5G>A,Cuba,0,0,54.4
2789+5G>A,Ecuador,0,0.485798312,41.22
2789+5G>A,Mexico,0,0,60.16
2789+5G>A,Puerto Rico,0,0,61.25
2789+5G>A,Uruguay,1.31,1.841195264,70.28
2789+5G>A,Venezuela,0,0,41.57
R1162X,US,0.45,0.019287302,86.21
R1162X,US Hispanics,0.7,0.32249031,55.54
R1162X,Argentina,0.62,0.301993377,74.54
R1162X,Brazil,1.71,0.252190404,62.06
R1162X,Chile,0.97,0,44.37
R1162X,Colombia,0.99,0,48.92
R1162X,Costa Rica,0,0.198746069,47.92
R1162X,Cuba,2,0.481663783,54.4
R1162X,Ecuador,0,0.700713922,41.22
R1162X,Mexico,0.21,0,60.16
R1162X,Puerto Rico,0,1.13137085,61.25
R1162X,Uruguay,3.27,1.876166304,70.28
R1162X,Venezuela,1.43,1.161895004,41.57
I507del,US,0.45,0.019287302,86.21
I507del,US Hispanics,0.63,0.259229628,55.54
I507del,Argentina,0.29,0.609918027,74.54
I507del,Brazil,0.13,0.195448203,62.06
I507del,Chile,0,2.939387691,44.37
I507del,Colombia,0,0,48.92
I507del,Costa Rica,0,0.056833089,47.92
I507del,Cuba,0,0,54.4
I507del,Ecuador,0,0,41.22
I507del,Mexico,1.76,0,60.16
I507del,Puerto Rico,6.09,0,61.25
I507del,Uruguay,1.31,1.841195264,70.28
I507del,Venezuela,0,0,41.57
G85E,US,0.41,0.018493242,86.21
G85E,US Hispanics,0.72,0.618869938,55.54
G85E,Argentina,0.95,0.3,74.54
G85E,Brazil,1.26,0.331662479,62.06
G85E,Chile,0.5,0,44.37
G85E,Colombia,0,1.435270009,48.92
G85E,Costa Rica,0,0.174355958,47.92
G85E,Cuba,0,0.414728827,54.4
G85E,Ecuador,5.74,0,41.22
G85E,Mexico,0.42,0,60.16
G85E,Puerto Rico,0,0,61.25
G85E,Uruguay,3.27,1.876166304,70.28
G85E,Venezuela,0.45,0.637965516,41.57
3120+1G>A,US,0.4,0.018275667,86.21
3120+1G>A,US Hispanics,0.99,0.328633535,55.54
3120+1G>A,Argentina,0.09,0.431277173,74.54
3120+1G>A,Brazil,1.4,0.119582607,62.06
3120+1G>A,Chile,0.2,3.435112807,44.37
3120+1G>A,Colombia,0.48,0,48.92
3120+1G>A,Costa Rica,0,0.184390889,47.92
3120+1G>A,Cuba,1.3,0.263058929,54.4
3120+1G>A,Ecuador,0,0.485798312,41.22
3120+1G>A,Mexico,0.43,0,60.16
3120+1G>A,Puerto Rico,2.53,0.915969432,61.25
3120+1G>A,Uruguay,0,0,70.28
3120+1G>A,Venezuela,3.18,1.670329309,41.57
3659delC,US,0.38,0.017146428,86.21
3659delC,US Hispanics,0.31,0.440454311,55.54
3659delC,Argentina,0.35,0,74.54
3659delC,Brazil,0.05,0.212602916,62.06
3659delC,Chile,0,0,44.37
3659delC,Colombia,0,0,48.92
3659delC,Costa Rica,0,0.040249224,47.92
3659delC,Cuba,0,0,54.4
3659delC,Ecuador,0,0,41.22
3659delC,Mexico,0,0,60.16
3659delC,Puerto Rico,0,0,61.25
3659delC,Uruguay,0,0,70.28
3659delC,Venezuela,0,0,41.57
R347P,US,0.36,0.017720045,86.21
R347P,US Hispanics,2,2.749545417,55.54
R347P,Argentina,0.6,0.301993377,74.54
R347P,Brazil,0.09,0.847938677,62.06
R347P,Chile,0,0,44.37
R347P,Colombia,0,0,48.92
R347P,Costa Rica,0,0.046151923,47.92
R347P,Cuba,0,0,54.4
R347P,Ecuador,0,0,41.22
R347P,Mexico,0.21,0,60.16
R347P,Puerto Rico,0,0,61.25
R347P,Uruguay,0,0,70.28
R347P,Venezuela,0,0,41.57
A455E,US,0.34,0.0168523,86.21
A455E,US Hispanics,0,0,55.54
A455E,Argentina,0,0.612372436,74.54
A455E,Brazil,0.03,0,62.06
A455E,Chile,0.2,0,44.37
A455E,Colombia,0,0,48.92
A455E,Costa Rica,0,0.031096624,47.92
A455E,Cuba,0,0.263058929,54.4
A455E,Ecuador,0,0,41.22
A455E,Mexico,0.87,0,60.16
A455E,Puerto Rico,0,0,61.25
A455E,Uruguay,0,0,70.28
A455E,Venezuela,0,0,41.57
1898+1G>A,US,0.31,0.016062378,86.21
1898+1G>A,US Hispanics,0,0,55.54
1898+1G>A,Argentina,0.18,0,74.54
1898+1G>A,Brazil,0.03,0.167630546,62.06
1898+1G>A,Chile,0,0,44.37
1898+1G>A,Colombia,0,0,48.92
1898+1G>A,Costa Rica,0,0.028618176,47.92
1898+1G>A,Cuba,0,0,54.4
1898+1G>A,Ecuador,0,0,41.22
1898+1G>A,Mexico,0,0,60.16
1898+1G>A,Puerto Rico,0,0,61.25
1898+1G>A,Uruguay,0,0,70.28
1898+1G>A,Venezuela,0,0,41.57
R334W,US,0.31,0.015937377,86.21
R334W,US Hispanics,1.56,0.587367006,55.54
R334W,Argentina,1.08,0.80684571,74.54
R334W,Brazil,1.64,0.353553391,62.06
R334W,Chile,2.09,4.062019202,44.37
R334W,Colombia,0.48,0.56302753,48.92
R334W,Costa Rica,0,0.194679223,47.92
R334W,Cuba,5.2,0.701427117,54.4
R334W,Ecuador,0.65,0.485798312,41.22
R334W,Mexico,1.52,0,60.16
R334W,Puerto Rico,12.9,1.788854382,61.25
R334W,Uruguay,2.15,1.529705854,70.28
R334W,Venezuela,1.39,0.798122798,41.57
R560T,US,0.25,0.016703293,86.21
R560T,US Hispanics,0,0,55.54
R560T,Argentina,0,0,74.54
R560T,Brazil,0,0,62.06
R560T,Chile,0,0,44.37
R560T,Colombia,0,0,48.92
R560T,Costa Rica,0,0,47.92
R560T,Cuba,0,0,54.4
R560T,Ecuador,0,0,41.22
R560T,Mexico,0,0,60.16
R560T,Puerto Rico,0,0,61.25
R560T,Uruguay,0,0,70.28
R560T,Venezuela,0,0,41.57
711+1G>T,US,0.2,0.015,86.21
711+1G>T,US Hispanics,0.63,0.626897121,55.54
711+1G>T,Argentina,0.08,0.431277173,74.54
711+1G>T,Brazil,0.13,0.12083046,62.06
711+1G>T,Chile,0.2,0,44.37
711+1G>T,Colombia,0,0,48.92
711+1G>T,Costa Rica,0,0.05709641,47.92
711+1G>T,Cuba,0,0.263058929,54.4
711+1G>T,Ecuador,0,0,41.22
711+1G>T,Mexico,0.43,0,60.16
711+1G>T,Puerto Rico,0,0,61.25
711+1G>T,Uruguay,0,0,70.28
711+1G>T,Venezuela,0.45,0.637965516,41.57
2184delA,US,0.18,0.01421267,86.21
2184delA,US Hispanics,0,0,55.54
2184delA,Argentina,0.1,0,74.54
2184delA,Brazil,0.52,0.117046999,62.06
2184delA,Chile,0,0,44.37
2184delA,Colombia,0,0,48.92
2184delA,Costa Rica,0,0.128840987,47.92
2184delA,Cuba,0,0,54.4
2184delA,Ecuador,0,0,41.22
2184delA,Mexico,0,0,60.16
2184delA,Puerto Rico,0,0,61.25
2184delA,Uruguay,0,0,70.28
2184delA,Venezuela,0,0,41.57